phase,flux
-1.0,0.9994487907362584
-0.999,1.000047966859904
-0.998,0.9997364046204551
-0.997,1.0006567037163787
-0.996,0.999511951685591
-0.995,0.9993524634080785
-0.994,1.0003712660949517
-0.993,0.9999006312340709
-0.992,0.9994478190916086
-0.991,0.9997178374034222
-0.99,0.9994793169475217
-0.989,1.000108947482068
-0.988,1.0002347796649949
-0.987,0.9996405820852337
-0.986,1.000563842835025
-0.985,0.9994681843824265
-0.984,1.000825271342848
-0.983,0.9999605155182744
-0.982,1.0006369715071493
-0.981,0.9998894911576834
-0.98,1.0008252108379339
-0.979,1.0005980901572786
-0.978,1.0000297687010877
-0.977,1.0009716956856987
-0.976,0.9996779601327442
-0.975,1.0001323442897119
-0.974,0.9998392581926007
-0.973,0.9999008852250528
-0.972,1.0007832074035805
-0.971,1.0007406105484034
-0.97,1.0004804400699359
-0.969,0.9992972749001343
-0.968,0.9999618732106261
-0.967,1.0008609872450098
-0.966,0.9992832060290122
-0.965,0.9992512553106618
-0.964,1.0007091027573272
-0.963,0.999240803336214
-0.962,1.0004227635831047
-0.961,0.9999325018990854
-0.96,1.0005555487439042
-0.959,0.9996681618893036
-0.958,1.0000609544399073
-0.957,0.9996233822511323
-0.956,0.9994329144601506
-0.955,1.0002557634723541
-0.954,0.9990745180286965
-0.953,1.0002524158362238
-0.952,1.0007990993844538
-0.951,1.0001368174623226
-0.95,1.0001366791807533
-0.949,0.9993651874266851
-0.948,1.0005121469258123
-0.947,0.9992311370955924
-0.946,1.0002051514775334
-0.945,1.000033875853188
-0.944,1.0002462330775166
-0.943,0.9990017482671824
-0.942,1.0003388022819728
-0.941,0.9993056159048864
-0.94,0.999007947508119
-0.939,1.0007244481594801
-0.938,0.9996864284176827
-0.937,1.0000366152458033
-0.936,1.0003505793003167
-0.935,1.0009802858714154
-0.934,0.999458953219852
-0.933,0.9998918207017273
-0.932,1.000308085441943
-0.931,0.9997671699901385
-0.93,1.0004077562376625
-0.929,1.0002171485418578
-0.928,1.000388753860039
-0.927,0.9994143649871102
-0.926,1.000106070550076
-0.925,1.0000273645730637
-0.924,1.0004781870783654
-0.923,1.0008859910865617
-0.922,1.0004569159985426
-0.921,1.0007562658618745
-0.92,1.0005491573829461
-0.919,1.000933878550865
-0.918,0.9991854616004278
-0.917,0.9999613253193566
-0.916,0.999705695984472
-0.915,1.0009646699077723
-0.914,0.9997908153141019
-0.913,1.0000435691011949
-0.912,1.0004807107617393
-0.911,1.0000770759249542
-0.91,0.9991692169925861
-0.909,0.9992848460997003
-0.908,0.9994967150270019
-0.907,0.9993907129834464
-0.906,1.0009077273313807
-0.905,0.9997221849020056
-0.904,0.9994161206189645
-0.903,0.9993002066683124
-0.902,1.0002748171535671
-0.901,0.9995245962156727
-0.9,0.9992428885104858
-0.899,1.0002444077158716
-0.898,1.0003471804110489
-0.897,1.000036531345532
-0.896,0.9998376747009482
-0.895,1.0001049214947468
-0.894,1.0007731673700133
-0.893,1.0008356415235025
-0.892,0.9997105743304641
-0.891,0.9992849397400467
-0.89,0.9991055849961176
-0.889,1.000933205674261
-0.888,1.000084339935855
-0.887,0.9993503419866415
-0.886,1.0001627235950359
-0.885,0.9997591749166334
-0.884,0.9990118319791579
-0.883,0.9992922043683313
-0.882,0.9997968815949481
-0.881,1.0007297290534256
-0.88,1.0007046033724813
-0.879,1.0004887778411282
-0.878,0.9998188923542829
-0.877,0.9992890933665967
-0.876,0.9991480263088979
-0.875,0.9999885768245466
-0.874,1.0008620405995001
-0.873,1.00019409158222
-0.872,1.0008391073174185
-0.871,1.0007411787507483
-0.87,0.9998177982148325
-0.869,0.9991682312815764
-0.868,1.0004208632101055
-0.867,0.9996783412065315
-0.866,0.9995296411091612
-0.865,1.000871540618265
-0.864,0.9999561538867917
-0.863,0.9990879548619847
-0.862,0.9996084189350675
-0.861,0.9992729062495198
-0.86,0.9991468925089458
-0.859,1.0004366516641565
-0.858,0.9997436795380267
-0.857,1.0001268829188608
-0.856,0.999560464571759
-0.855,0.9995436550066216
-0.854,0.9995928832373175
-0.853,1.0003027928557167
-0.852,0.9999708272169626
-0.851,0.9995683466185878
-0.85,0.9993828600447291
-0.849,1.0006242485078671
-0.848,1.0004379793364329
-0.847,0.9999898916826738
-0.846,1.0009816876896676
-0.845,0.9994883299429922
-0.844,0.9998483815832532
-0.843,0.9993588053554882
-0.842,1.0005738392157166
-0.841,1.000874827853136
-0.84,0.9998938894011784
-0.839,1.0004506386883931
-0.838,0.9997897032782813
-0.837,1.000586398337673
-0.836,0.9994187921694834
-0.835,1.0002085461955572
-0.834,0.9996551934146054
-0.833,1.0003666785388323
-0.832,0.9992437731816907
-0.831,0.9994291477892365
-0.83,0.9993430627462166
-0.829,0.9992440463797851
-0.828,1.0002823861281496
-0.827,1.000534791855108
-0.826,1.000932766318883
-0.825,0.9995596280003699
-0.824,1.0000365760323875
-0.823,1.000940586321249
-0.822,1.0004206822750061
-0.821,1.0000120254551566
-0.82,1.0003350310238628
-0.819,1.0009577732698427
-0.818,0.9996418920967719
-0.817,1.0001355919768824
-0.816,1.0008644739653292
-0.815,0.9996198010712309
-0.814,0.999625876110867
-0.813,0.999418205094825
-0.812,1.0002907573659419
-0.811,0.9996750938464208
-0.81,1.0005641064222168
-0.809,0.9999234215659283
-0.808,1.0000587852624903
-0.807,1.0000563140746916
-0.806,0.9993831034985565
-0.805,0.999119237333373
-0.804,1.0002335733767111
-0.803,1.0009222276267489
-0.802,1.0007436916875327
-0.801,0.9990044030011911
-0.8,1.0002933478412284
-0.799,0.9993177924206903
-0.798,0.9994212519177754
-0.797,0.9996900269779673
-0.796,1.0004603737110227
-0.795,0.9996478010745671
-0.794,1.000372259627171
-0.793,0.9990482225106501
-0.792,0.9998050693633255
-0.791,0.9996563041328446
-0.79,1.000459439710316
-0.789,1.0001989390754686
-0.788,1.000411271343829
-0.787,0.9992490619627866
-0.786,1.000133711762916
-0.785,1.0004162036260438
-0.784,0.9995242708559138
-0.783,1.0006292978975693
-0.782,1.0006423895532535
-0.781,1.0002693377927376
-0.78,1.0004545469400308
-0.779,0.9994466000066473
-0.778,1.000877908139925
-0.777,0.9992619917830129
-0.776,1.0007353822999725
-0.775,0.9999533939026465
-0.774,1.0009496934117588
-0.773,0.9995595872224805
-0.772,0.9996400704662893
-0.771,1.0008729474703737
-0.77,1.0003124793549987
-0.769,1.00071673750995
-0.768,0.9999780607557588
-0.767,1.000287795370844
-0.766,1.0009817917042991
-0.765,0.9990250768080294
-0.764,1.0000800618039654
-0.763,0.9993249230988516
-0.762,1.0009099148776677
-0.761,1.000731814144731
-0.76,0.999887454215308
-0.759,1.0008411731737161
-0.758,0.9992502520759748
-0.757,0.9992971482885918
-0.756,1.0007161784821408
-0.755,0.9991969313282538
-0.754,0.9998718385183758
-0.753,0.9991841133294695
-0.752,0.9995932309963577
-0.751,0.9992425522108449
-0.75,0.9992953045760138
-0.749,0.9991338815131411
-0.748,1.0007791650342754
-0.747,0.999952065275468
-0.746,1.0009423589958142
-0.745,0.9993533039856114
-0.744,1.0005156594657834
-0.743,1.0007189971655739
-0.742,0.9999034955705087
-0.741,0.999584103425308
-0.74,0.9998450547690312
-0.739,1.0002512452983943
-0.738,0.9991597669202681
-0.737,0.9994027323731842
-0.736,1.0009389933212596
-0.735,0.9994347508532012
-0.734,0.9990326424247555
-0.733,1.000341630646463
-0.732,1.0009784084855706
-0.731,1.000434028805267
-0.73,0.9993522077270429
-0.729,0.9997340049620457
-0.728,0.9990338374821932
-0.727,1.0003015519587612
-0.726,0.9996196589706966
-0.725,1.0004870413140243
-0.724,1.0008783368874554
-0.723,1.000816860139475
-0.722,1.000537375226738
-0.721,1.0000878552685937
-0.72,0.9990955261452621
-0.719,1.000943789855806
-0.718,1.000958552914947
-0.717,1.000549405922103
-0.716,0.999655581093716
-0.715,1.0004230015594617
-0.714,0.9993557014415301
-0.713,0.9994445968392994
-0.712,0.9990258153521586
-0.711,1.0000049802605224
-0.71,0.9997281465319604
-0.709,0.9998204357315299
-0.708,1.0004368324666575
-0.707,0.9996118791234924
-0.706,0.9990174307758305
-0.705,0.9998213227303501
-0.704,0.9997855324691851
-0.703,1.0004982839975491
-0.702,1.0008022486530894
-0.701,0.9999050210891403
-0.7,1.0008432513260825
-0.699,0.9997030507170107
-0.698,0.9992241395301912
-0.697,0.9991205113775179
-0.696,1.0003787816153538
-0.695,1.0008089472369108
-0.694,1.0000209754155314
-0.693,1.0009935704382835
-0.692,0.9991264500562785
-0.691,0.9991817374623763
-0.69,0.9993263504366974
-0.689,0.9998754233425304
-0.688,1.0008850104481748
-0.687,1.000848996529812
-0.686,1.0006864109447506
-0.685,1.0008967839021503
-0.684,0.9996684925378454
-0.683,0.9991280668471639
-0.682,0.9997218494109036
-0.681,1.0008043136704148
-0.68,1.0007683549569084
-0.679,1.0001509828331836
-0.678,1.0007517691956704
-0.677,0.9994311530073529
-0.676,1.0006250367546985
-0.675,1.0003520833970885
-0.674,0.9990093422126307
-0.673,0.9991761749501565
-0.672,1.0000053483655797
-0.671,0.9995903274123754
-0.67,0.9999111234352853
-0.669,0.9997505228236743
-0.668,1.0009811636931596
-0.667,0.9998864428417886
-0.666,1.0005897385436375
-0.665,0.9999061787404336
-0.664,0.9991467248765012
-0.663,0.9997834345951091
-0.662,0.9995580894853505
-0.661,0.9995377029743134
-0.66,0.9994401604994374
-0.659,1.0003048155372403
-0.658,0.9991213009935731
-0.657,1.0002321417645696
-0.656,0.9993215218154314
-0.655,0.9999598517654823
-0.654,0.9996779373354415
-0.653,0.9994267843271082
-0.652,0.9999788586612202
-0.651,1.0004400517914438
-0.65,1.0009251597735795
-0.649,0.9996133142333057
-0.648,0.9994354367620685
-0.647,1.0000980995059743
-0.646,0.9994528337556455
-0.645,1.0000268119921274
-0.644,1.0001310947963094
-0.643,1.0002369259546338
-0.642,0.9991377874216635
-0.641,0.9997968373786214
-0.64,0.9996512608256319
-0.639,1.0006161597728576
-0.638,0.9998360322809727
-0.637,0.9999953035120491
-0.636,0.9992303797585683
-0.635,1.0006772710246294
-0.634,1.000469295469226
-0.633,0.9991270793507713
-0.632,0.9990319732199162
-0.631,1.0008630681232926
-0.63,0.9999264964139986
-0.629,0.99906475045605
-0.628,1.0006148307107978
-0.627,0.9993049809759921
-0.626,1.000319230645863
-0.625,0.9991191680155429
-0.624,0.999247265987539
-0.623,0.9991833166183827
-0.622,1.0007811129110264
-0.621,1.0005086972059183
-0.62,1.000879908268191
-0.619,1.0001354205120137
-0.618,0.9994469788935166
-0.617,0.9997269423582129
-0.616,0.9999272185136071
-0.615,0.9991352230102597
-0.614,0.9996315651894634
-0.613,0.9997211635712846
-0.612,0.9993879630136232
-0.611,1.0009052740192497
-0.61,1.0005602931315118
-0.609,1.0002648449220868
-0.608,1.0007629183186713
-0.607,1.0003553439470794
-0.606,1.0003987209204126
-0.605,0.999854473930178
-0.604,1.000747843848767
-0.603,1.000149588229502
-0.602,1.0004597318266064
-0.601,0.9990109985985036
-0.6,0.9997377142741186
-0.599,1.0006172653383933
-0.598,1.0001329437386115
-0.597,0.9999314398042141
-0.596,0.9997679036185005
-0.595,0.9993281633985779
-0.594,1.0007113655405728
-0.593,0.9991935691516781
-0.592,0.9995214846406831
-0.591,0.9994508129465783
-0.59,0.9996095286928808
-0.589,1.0002167884911672
-0.588,0.9994999049804955
-0.587,0.9997747465122727
-0.586,0.9991496096243191
-0.585,1.0007478645180856
-0.584,1.0005655847514154
-0.583,0.9996156990787456
-0.582,1.0002763328467892
-0.581,1.0007972918840167
-0.58,0.9999588019293446
-0.579,0.9992541433580355
-0.578,0.9995858434928523
-0.577,0.9993420491444165
-0.576,1.000453405404815
-0.575,0.9994206327683461
-0.574,0.9995342270210491
-0.573,0.9990352631722701
-0.572,1.0008146259670976
-0.571,1.0003473456138237
-0.57,1.0009944146910783
-0.569,0.9997933013497129
-0.568,0.9997358714396511
-0.567,0.999373256776352
-0.566,0.9995143943437385
-0.565,0.9994454565647437
-0.564,1.0006145970394116
-0.563,1.0001978024086076
-0.562,0.9998076511488939
-0.561,1.0001138696582204
-0.56,0.9990413015605739
-0.559,1.0004290057622265
-0.558,1.0007716032430614
-0.557,0.9995530139173419
-0.556,0.9997083198134477
-0.555,0.9990603190467223
-0.554,1.0008570903365475
-0.553,0.9994954459837725
-0.552,0.9994249554515757
-0.551,0.9993428739455678
-0.55,0.9992976872999922
-0.549,0.9990319753040003
-0.548,0.9998017930463781
-0.547,0.9997288798808653
-0.546,1.000112786582945
-0.545,0.9990383105011038
-0.544,1.0006105207189306
-0.543,0.9997771517797726
-0.542,1.0005876934238835
-0.541,0.9998625959973435
-0.54,1.0008945399567872
-0.539,1.000488252672514
-0.538,1.000633573645639
-0.537,0.9997076354667925
-0.536,0.9998965757940366
-0.535,0.9999902311910859
-0.534,0.9997704810697037
-0.533,0.9993828120130759
-0.532,0.9999777328359809
-0.531,0.9993472100179074
-0.53,0.9995638187021196
-0.529,1.0001539601081122
-0.528,1.0005182192335402
-0.527,1.0003883004830652
-0.526,1.0004895364009871
-0.525,0.9998430101994286
-0.524,1.0006307002780077
-0.523,1.00011487837573
-0.522,0.9993542456725302
-0.521,1.0006232294455386
-0.52,0.9996292404990033
-0.519,0.9996591150001145
-0.518,1.0009749735978202
-0.517,0.9993676804068471
-0.516,0.9990806933783136
-0.515,0.9998280639413332
-0.514,0.9998848848583233
-0.513,0.9993982331119935
-0.512,0.9996664774024587
-0.511,1.0006341605670195
-0.51,0.999175555848112
-0.509,1.000615038980849
-0.508,0.9996752742995367
-0.507,0.9993345382149099
-0.506,0.9999885587288025
-0.505,0.9996905760551933
-0.504,0.9993344769086686
-0.503,0.999432290286074
-0.502,1.0002785454201533
-0.501,0.9996031910194756
-0.5,1.0005623727363495
-0.499,1.0006647671517974
-0.498,1.0002546455416224
-0.497,0.9997443796909449
-0.496,1.0001554509261767
-0.495,0.9990687612953354
-0.494,0.999001789252242
-0.493,0.9991082364199596
-0.492,0.9996623736014489
-0.491,1.0002029638859276
-0.49,1.000538891063942
-0.489,1.0006988957535974
-0.488,1.0006053812885172
-0.487,1.000850087957689
-0.486,1.000420316724046
-0.485,0.9991529469911514
-0.484,0.9992790243361207
-0.483,0.9998674514212117
-0.482,1.0005095367150256
-0.481,1.0000700608044188
-0.48,1.0004870654716034
-0.479,0.9993437501937453
-0.478,0.9992467701723976
-0.477,0.9997963271847373
-0.476,1.0008844383911724
-0.475,1.0006495332212815
-0.474,1.0003486308508927
-0.473,0.999329569290066
-0.472,1.0001551554911303
-0.471,0.9994725704391408
-0.47,1.0009137310087635
-0.469,0.999777209685886
-0.468,0.9990679992316462
-0.467,1.0002472581129758
-0.466,0.9996790185633075
-0.465,0.9998962270856226
-0.464,1.000733557468192
-0.463,1.000354728401043
-0.462,0.9999439818214712
-0.461,1.0008447458502332
-0.46,1.0001458416315643
-0.459,0.9994446613724086
-0.458,1.000883788211901
-0.457,0.9993313859083209
-0.456,1.00090723896763
-0.455,1.0005009120349044
-0.454,1.0004617584824416
-0.453,0.9997336346153003
-0.452,1.0004523445188358
-0.451,0.9992766799825091
-0.45,1.0005257501701643
-0.449,1.0007557905560711
-0.448,0.9991205923604638
-0.447,0.9993255272794996
-0.446,0.9995686829330243
-0.445,0.9992037329564721
-0.444,0.9992014511220145
-0.443,0.9999523174946325
-0.442,0.9995213963106934
-0.441,0.9997243361524225
-0.44,1.0004234892015516
-0.439,1.0003929145535209
-0.438,0.9993851454682059
-0.437,1.0000976012838234
-0.436,0.9994389312941595
-0.435,1.000534437893289
-0.434,1.0007001305342662
-0.433,1.0000825349334213
-0.432,0.9993639004950801
-0.431,0.9992223182969169
-0.43,0.9998301536918287
-0.429,1.0003018351445088
-0.428,0.9998576041260989
-0.427,0.9997195551726612
-0.426,0.9991809993205522
-0.425,0.9997923882099463
-0.424,0.999066335657021
-0.423,0.9990190974516792
-0.422,0.9994964394860018
-0.421,1.000696381684411
-0.42,1.0007869806289642
-0.419,0.9998385570071453
-0.418,0.9991058653657013
-0.417,0.9994493003005915
-0.416,1.0006657730778892
-0.415,0.9998415411385293
-0.414,0.9999238413121563
-0.413,1.0001760164937545
-0.412,1.000158291314727
-0.411,1.0007681333010041
-0.41,0.9993089993946754
-0.409,1.0009652549077894
-0.408,0.9991128737894748
-0.407,1.0002841991963758
-0.406,0.9991181859392839
-0.405,1.0002719641696396
-0.404,1.0004105759016297
-0.403,1.0005049835264987
-0.402,0.9993948137916366
-0.401,1.0007835873250657
-0.4,1.000413849064814
-0.399,0.9993744327619063
-0.398,0.9991672424878641
-0.397,0.9998821774100464
-0.396,1.0006008014895469
-0.395,0.999747000654064
-0.394,1.0001958180910737
-0.393,0.9997021237387326
-0.392,0.9997141242017294
-0.391,1.0000485701589044
-0.39,1.0009835721205125
-0.389,0.9996531096510094
-0.388,1.0008207283891446
-0.387,1.0008834066579855
-0.386,1.000081837381285
-0.385,1.0009842994394278
-0.384,0.9995506007439756
-0.383,1.0005067589958276
-0.382,1.0008245346888038
-0.381,0.999372649650315
-0.38,1.000875320793135
-0.379,1.0000865059947037
-0.378,0.9992403013095206
-0.377,1.0006823196284658
-0.376,1.0009200367295488
-0.375,0.9998857479747505
-0.374,0.9994102650153573
-0.373,0.9999129411463483
-0.372,1.0006091757680886
-0.371,0.9995339221203613
-0.37,1.000707763383321
-0.369,0.9998691749840246
-0.368,0.9990417805407555
-0.367,0.9991022709566452
-0.366,0.9997237437849724
-0.365,1.0006269986477927
-0.364,1.0002784692366469
-0.363,1.0001647473642452
-0.362,0.9996304416599928
-0.361,1.0008507087172531
-0.36,0.9993788359413256
-0.359,0.9996534728583303
-0.358,0.9997857241291948
-0.357,1.000828109276072
-0.356,1.0007083826524097
-0.355,1.000362305983468
-0.354,0.9991598655938301
-0.353,1.0009288627739596
-0.352,1.0008869740775321
-0.351,1.0004817115189095
-0.35,1.0004989671565423
-0.349,0.9995548183915965
-0.348,1.0002879021874613
-0.347,1.0002161634336042
-0.346,1.000733495078286
-0.345,0.9998029453778404
-0.344,1.0007997565337945
-0.343,1.0008374090771817
-0.342,1.0000694301084196
-0.341,0.9994448848444304
-0.34,0.9996521774291802
-0.339,0.999083654798012
-0.338,0.9992650568019825
-0.337,0.9995998607045603
-0.336,0.9990701134461479
-0.335,1.000659252456717
-0.334,0.9991978149790541
-0.333,1.00012788571465
-0.332,1.0000448030442672
-0.331,1.0006788585790758
-0.33,1.0007848373232193
-0.329,0.999674913285455
-0.328,1.0005959532912276
-0.327,0.9993583673722524
-0.326,0.9994901839718093
-0.325,0.9995807947766688
-0.324,0.999959195022759
-0.323,0.999091005713851
-0.322,0.9996288934193848
-0.321,1.0008748699822534
-0.32,1.0008081296258773
-0.319,1.0001586300186565
-0.318,0.9990677965914924
-0.317,1.0007015412657276
-0.316,1.0007633890612666
-0.315,0.9994537206819071
-0.314,0.9995987155898388
-0.313,1.0002714586246768
-0.312,0.9993102179438882
-0.311,0.9994439444881574
-0.31,0.9998624359640421
-0.309,0.9990871473821522
-0.308,1.000938496918719
-0.307,1.0006013769671198
-0.306,0.9996391787642654
-0.305,1.0007864261780972
-0.304,1.0003788954588502
-0.303,1.0009776273256654
-0.302,1.0008912142793376
-0.301,1.0005187536516238
-0.3,0.9999745553577942
-0.299,0.99994425223209
-0.298,1.000859167613204
-0.297,1.0007642282233657
-0.296,1.0003410882671944
-0.295,0.9991602825806429
-0.294,1.0002657172110767
-0.293,1.000678216604443
-0.292,0.9993830793102
-0.291,0.9990894792343057
-0.29,0.9999772199257985
-0.289,1.0008400475590276
-0.288,0.9997282950234636
-0.287,0.9999122935540278
-0.286,1.0000848344839353
-0.285,0.9998127864844192
-0.284,0.9999541295007106
-0.283,0.9998368076622244
-0.282,0.9998133316394046
-0.281,1.0006213687132124
-0.28,0.9991528515650581
-0.279,0.9996300687581311
-0.278,1.0001305191576435
-0.277,1.0004169979051594
-0.276,0.9993104212656579
-0.275,0.9994362134623511
-0.274,0.9995275530313025
-0.273,1.0008336984787567
-0.272,1.0007064897710507
-0.271,0.9993261656722864
-0.27,0.9998008428752265
-0.269,1.0001671532102934
-0.268,1.0005739113012435
-0.267,1.0005173760520203
-0.266,1.0005903204826787
-0.265,1.0002361491011806
-0.264,0.9992385806323124
-0.263,1.0001707145308674
-0.262,1.000781078142036
-0.261,0.9994179744931746
-0.26,0.9990886455221671
-0.259,0.9994857126461778
-0.258,1.0007033040564977
-0.257,0.9991224388875847
-0.256,0.9993134272110828
-0.255,1.0006719263326653
-0.254,1.0007801081166603
-0.253,0.9996586126839193
-0.252,0.9992609599131385
-0.251,1.0000347625819443
-0.25,1.0001407864023093
-0.249,0.9990139951383394
-0.248,0.9991168356566218
-0.247,0.9995015709070142
-0.246,0.9992032055486647
-0.245,1.0007468751263773
-0.244,1.0007066705831134
-0.243,1.0009305916374893
-0.242,0.999065315072266
-0.241,1.000154983608183
-0.24,0.9993616259791588
-0.239,1.0004638086174835
-0.238,0.9992689631393072
-0.237,1.0003411390484875
-0.236,1.0002992836835747
-0.235,0.9992891339073671
-0.234,0.9991649539206356
-0.233,0.9993317984362386
-0.232,0.999974690920054
-0.231,1.0008438057736926
-0.23,0.9997618079455274
-0.229,0.9999876883715968
-0.228,0.9998032760360613
-0.227,1.0006287244450172
-0.226,0.999159811756928
-0.225,0.9999153888054501
-0.224,0.9998567530391788
-0.223,1.0002996128439814
-0.222,1.0006435866396701
-0.221,1.0009112729461105
-0.22,0.999762166336578
-0.219,0.9992032292648005
-0.218,0.9992546981543018
-0.217,0.9991468373418851
-0.216,0.999305693493064
-0.215,0.9998987164720465
-0.214,1.000536329943902
-0.213,1.000480057055102
-0.212,1.0002579409120418
-0.211,1.0007864252954612
-0.21,1.0006258903720728
-0.209,0.9993154836692487
-0.208,1.000705434284726
-0.207,0.9998662962492226
-0.206,1.0001516310172192
-0.205,1.0002944909387965
-0.204,1.0005616938422877
-0.203,1.000225224206469
-0.202,1.0006750080636881
-0.201,0.9999846756066827
-0.2,1.0000725792132714
-0.199,1.000427602839672
-0.198,1.0006923405234398
-0.197,0.9993663938184166
-0.196,0.9993641464239368
-0.195,0.9993046470810193
-0.194,0.9996277438124133
-0.193,1.000441392570732
-0.192,0.9992077912797702
-0.191,1.000039687389684
-0.19,0.9995758398587767
-0.189,0.9994751828300886
-0.188,0.9994260201443349
-0.187,1.0003784083188139
-0.186,1.000297516245234
-0.185,0.9998809510717074
-0.184,1.0003693671556597
-0.183,0.9996678690471067
-0.182,0.9990601610247656
-0.181,1.0005400676909078
-0.18,1.0008866533221488
-0.179,1.0009486696989982
-0.178,0.999015002503682
-0.177,1.0000612193952232
-0.176,1.0004620753188058
-0.175,0.9994253921236909
-0.174,1.0001248299626502
-0.173,1.0005994378032697
-0.172,1.0007898334514005
-0.171,1.000180276639403
-0.17,1.000139132668157
-0.169,1.0000972181186965
-0.168,1.0005877986616245
-0.167,1.0008883504767088
-0.166,1.0008105600073836
-0.165,0.9999529683419247
-0.164,1.000338023541513
-0.163,0.9998045121365967
-0.162,0.9996535265619484
-0.161,0.9992555793808858
-0.16,1.0008833084671358
-0.159,0.9994860531955267
-0.158,1.0009331632777227
-0.157,0.9991181150110188
-0.156,0.9996292883748293
-0.155,0.9993319909064923
-0.154,1.0002799575869792
-0.153,0.9999791223124149
-0.152,1.000658908087897
-0.151,0.9995531928760746
-0.15,1.0002287069339868
-0.149,1.0001760403942586
-0.148,0.999117508035818
-0.147,1.0004311883778463
-0.146,1.0003035420486304
-0.145,0.9990142766993535
-0.144,1.0000937481606655
-0.143,0.9995181986561641
-0.142,1.0004238192115944
-0.141,0.9999698335351428
-0.14,1.0005192810409895
-0.139,1.0004200629826006
-0.138,0.9999548375401441
-0.137,1.00064053304167
-0.136,0.9991910007547329
-0.135,1.0003889082445672
-0.134,1.000248747244454
-0.133,0.9997792594983034
-0.132,0.9993822768105354
-0.131,0.9999017130360637
-0.13,1.0006283949801187
-0.129,1.0005747056850915
-0.128,0.999164767265559
-0.127,0.9990402561949575
-0.126,0.9993398224176707
-0.125,0.9994786643022378
-0.124,0.9993010414033041
-0.123,1.0000773895342918
-0.122,1.0006538373173257
-0.121,0.9990703534675714
-0.12,1.0000707144205363
-0.119,0.9991487040603925
-0.118,1.0005188736383686
-0.117,1.0009242411714454
-0.116,1.000598865421284
-0.115,1.0006454723363432
-0.114,1.000523243259806
-0.113,1.0004046583370372
-0.112,1.0005134111347873
-0.111,1.0008278877459995
-0.11,1.0009135021318925
-0.109,1.0001365296677092
-0.108,0.9996510331462524
-0.107,0.9998467577850482
-0.106,0.9994858123249091
-0.105,0.9995425126851396
-0.104,1.0000005191313812
-0.103,1.0006294241294251
-0.102,1.0007663923896353
-0.101,1.0000022653666996
-0.1,0.9996343023208721
-0.099,0.9994260979965838
-0.098,0.9992330432562209
-0.097,1.0009955390283058
-0.096,0.9997807412635805
-0.095,1.0001497358507914
-0.094,1.0001398257926193
-0.093,1.000888367015899
-0.092,1.0003432110999146
-0.091,0.9999095271135306
-0.09,1.0006855507312424
-0.089,1.0002265737283436
-0.088,0.9994995807159132
-0.087,1.0002536596688598
-0.086,0.999715402034869
-0.085,1.00057888332041
-0.084,0.9999458278079132
-0.083,0.9997305775846017
-0.082,1.0005876341723425
-0.081,1.0002324135092773
-0.08,0.9994496499191705
-0.079,0.9991466330442593
-0.078,1.000410765214389
-0.077,1.0009520449876832
-0.076,0.9991036262643903
-0.075,1.0006577432568042
-0.074,0.999424059524781
-0.073,1.0008361031504311
-0.072,0.9990666339356313
-0.071,1.000274671461554
-0.07,1.00035993038277
-0.069,1.000688611713253
-0.068,0.999990127313579
-0.067,1.0004474616536978
-0.066,0.9991124747995641
-0.065,0.9990594770119626
-0.064,0.9993856333975136
-0.063,0.9991227441942958
-0.062,1.0004555970203388
-0.061,1.0003154061463255
-0.06,0.9996290472252576
-0.059,1.000067295845479
-0.058,1.0001928929200554
-0.057,1.0006459082249972
-0.056,1.0006328501708843
-0.055,0.9995668617995922
-0.054,0.9997895174117524
-0.053,0.9990311326706784
-0.052,0.9998734058078367
-0.051,0.9993177690816942
-0.05,1.000012199622675
-0.049,0.9985413068013491
-0.048,0.9985281632038008
-0.047,0.9986247156414876
-0.046,0.9982057856422226
-0.045,0.9982218594897129
-0.044,0.9962446971023212
-0.043,0.9963976055730124
-0.042,0.996388641617151
-0.041,0.9948344963019266
-0.04,0.9944665333111109
-0.039,0.9955517402008741
-0.038,0.9935829209955612
-0.037,0.9933150682171082
-0.036,0.9933969451147309
-0.035,0.9927117408879661
-0.034,0.9937602363438192
-0.033,0.993224292312915
-0.032,0.9912802338681741
-0.031,0.9906362195467172
-0.03,0.9916694754485867
-0.029,0.991401927073018
-0.028,0.9896487868885462
-0.027,0.9901778403865614
-0.026,0.9894244858392499
-0.025,0.9891916406719237
-0.024,0.9899528112618876
-0.023,0.9896179332494006
-0.022,0.9889252575097406
-0.021,0.988276800844296
-0.02,0.987537421828899
-0.019,0.9883711972919034
-0.018,0.9863805926781064
-0.017,0.9870473490648685
-0.016,0.9861839132706418
-0.015,0.98675900206315
-0.014,0.985581892048932
-0.013,0.9860134252544699
-0.012,0.9862951997050985
-0.011,0.9858230423164448
-0.01,0.9865638798565975
-0.009,0.9846681659727886
-0.008,0.9851266930194044
-0.007,0.9862189848954631
-0.006,0.9846070516142396
-0.005,0.9843707988235716
-0.004,0.9852075908329263
-0.003,0.984383391440411
-0.002,0.9847415812716348
-0.001,0.9859586913117152
0.0,0.9848076024613236
0.001,0.9851233427413042
0.002,0.9840511860549328
0.003,0.9847169676557885
0.004,0.9847110427508793
0.005,0.9857360385806053
0.006,0.984862962432674
0.007,0.985806555666038
0.008,0.9860976518139546
0.009,0.9848614132848554
0.01,0.9855943075899003
0.011,0.9862882386392188
0.012,0.9859760619206015
0.013,0.9864508623730234
0.014,0.9867790921880286
0.015,0.9861484744087075
0.016,0.9867371648970508
0.017,0.9880169302408118
0.018,0.987830646410429
0.019,0.9877317043289834
0.02,0.9869104513901179
0.021,0.9890524344670751
0.022,0.9891883246890146
0.023,0.9882984852503015
0.024,0.9891995732674822
0.025,0.9888952748398718
0.026,0.9892955356184862
0.027,0.9895815377844362
0.028,0.9913163283008732
0.029,0.9911387913568418
0.03,0.9913680565022062
0.031,0.9907316854418303
0.032,0.9916155961507801
0.033,0.9917667272298119
0.034,0.9924446106607724
0.035,0.9938503077731233
0.036,0.99446359605726
0.037,0.9943306451511572
0.038,0.9950150251698452
0.039,0.9958697803433796
0.04,0.9955439121698878
0.041,0.9961000699867616
0.042,0.9956355728629372
0.043,0.9964044740301677
0.044,0.9973559564952029
0.045,0.9973736088670601
0.046,0.997905761442642
0.047,0.9992188387611535
0.048,0.9994219970238991
0.049,0.9991959225755479
0.05,1.0007354734755585
0.051,1.00078660496057
0.052,0.9999327184863436
0.053,1.000009593608935
0.054,1.0007868527428239
0.055,1.000521258502267
0.056,0.9999657394536399
0.057,1.000054998740416
0.058,1.0000408360060897
0.059,1.0001445671160172
0.06,0.9994574965618921
0.061,0.9992247625318282
0.062,1.0000661307160825
0.063,1.0007474988522083
0.064,1.000872978520384
0.065,1.0009876487085743
0.066,1.000218923612581
0.067,1.000364472347622
0.068,1.000905554890241
0.069,0.9999819353449525
0.07,0.9995349737451217
0.071,1.0006717942299375
0.072,1.0009680411919408
0.073,1.0005039066890427
0.074,1.0009665960601721
0.075,0.9998010917886977
0.076,0.9990079175282812
0.077,0.9990104845531104
0.078,0.9998077869324878
0.079,0.9990213737900129
0.08,0.99925327728505
0.081,0.9995766130865968
0.082,0.9992206924782628
0.083,0.9997412371131875
0.084,0.9995138795467056
0.085,0.9997701718234759
0.086,0.9998510193605274
0.087,0.999573181169951
0.088,0.9997343997584377
0.089,0.9994668991776854
0.09,0.9991170632236192
0.091,0.999812270297014
0.092,0.9996813301073347
0.093,0.999154490060973
0.094,1.0002465392044981
0.095,1.0007803364928212
0.096,1.0001144870730665
0.097,1.0007545212142657
0.098,0.9990633512147767
0.099,0.9995716855478384
0.1,1.000881248179268
0.101,0.9996665769766632
0.102,1.000052455201562
0.103,1.0005837055824252
0.104,1.0000231552566852
0.105,1.0002949298166253
0.106,1.0008718312927158
0.107,1.0005573194365927
0.108,0.9997860286364171
0.109,0.9997258650735908
0.11,1.0004385387932093
0.111,1.000219943593715
0.112,1.0009750384800216
0.113,1.0009088386234017
0.114,1.000398877283233
0.115,1.0009137493225198
0.116,0.9993558535420183
0.117,0.9999894105187016
0.118,1.0006982847545922
0.119,1.0003150002957881
0.12,0.9991141897138832
0.121,0.9998649252853563
0.122,1.0006392512033693
0.123,1.0007808574836
0.124,1.0000624281219772
0.125,1.0002901433743834
0.126,1.0009790678272603
0.127,1.000050729531325
0.128,0.9998850594135876
0.129,1.0007166372901515
0.13,0.9993595452058002
0.131,1.0001634696370123
0.132,0.9995146509374612
0.133,1.0005630675278157
0.134,0.9995341639313019
0.135,1.0000279925851732
0.136,0.9992347602392274
0.137,1.000451541288116
0.138,1.0009247274291946
0.139,0.9998333701368673
0.14,1.0009202533748691
0.141,1.0001381199692048
0.142,0.9996227066897033
0.143,0.999366485045952
0.144,0.9992497054480957
0.145,0.999948072655064
0.146,0.9999897098691218
0.147,0.9993306084155129
0.148,1.000025399872079
0.149,1.0006302651792114
0.15,1.000278839591649
0.151,0.999174606045726
0.152,1.000968566793669
0.153,0.9991224003287985
0.154,1.0003793899517897
0.155,0.9998803834835123
0.156,1.0007241717687236
0.157,1.0001818768713586
0.158,0.9998569617521467
0.159,0.9997428017523029
0.16,1.0005518826459994
0.161,1.0002409268912456
0.162,0.9992941213514224
0.163,1.0002335874218706
0.164,1.0008881839058485
0.165,1.0000191702317083
0.166,1.0004316048285753
0.167,0.9990290617058744
0.168,0.9995179358221494
0.169,0.9999895908825187
0.17,0.9991042513097422
0.171,1.0003856421987072
0.172,0.9999500567945053
0.173,1.0005032039086725
0.174,1.0006330158959682
0.175,0.9991046264086302
0.176,1.0009193089266832
0.177,0.9992550160623984
0.178,0.9990575267493957
0.179,0.9999768584146176
0.18,1.000330709331983
0.181,1.0005725615035403
0.182,0.9990373920004423
0.183,0.9994793659649807
0.184,1.0007353695940104
0.185,1.0006140968515362
0.186,1.0004368696275936
0.187,1.0002802187066195
0.188,1.0007247962223698
0.189,0.9998227895536779
0.19,1.0007109153931912
0.191,1.0006462526865267
0.192,1.0007593486366482
0.193,0.999692393725773
0.194,0.9991821279381303
0.195,1.0007751029360437
0.196,1.0006422630166925
0.197,0.9993238711660983
0.198,0.9995199673149154
0.199,0.999796716132014
0.2,1.0000926605329639
0.201,0.9992357983108866
0.202,1.0002762299061667
0.203,0.9999559857086756
0.204,0.9997979814631808
0.205,0.9990561254114033
0.206,1.0007831524424105
0.207,1.000533124887205
0.208,0.9999549182032081
0.209,1.000267795793658
0.21,0.999932801452957
0.211,0.9997654611610526
0.212,1.0000014456006765
0.213,0.999760367062064
0.214,1.0006352206700022
0.215,1.0003027818110848
0.216,0.9998739448378463
0.217,0.9999689246759849
0.218,0.9993566320358035
0.219,0.9998356063443117
0.22,0.9995022113863504
0.221,1.0009954100224139
0.222,0.9996378607548045
0.223,1.0008331370801338
0.224,1.0000088714662174
0.225,1.0005065556685953
0.226,0.9997310783123603
0.227,0.9999777841648195
0.228,1.0007165911617473
0.229,1.0004471984086802
0.23,1.000094475275366
0.231,1.0009865936354083
0.232,0.9996782280032741
0.233,0.9990182757588025
0.234,1.0002955425192879
0.235,1.000071871372278
0.236,0.9994755458900191
0.237,1.0005264292491989
0.238,0.9996838595802691
0.239,1.0000637385569375
0.24,0.999481373552238
0.241,0.9998106043444898
0.242,0.9998189619840281
0.243,1.0008957167940862
0.244,0.999452971163398
0.245,1.0006054270190672
0.246,1.0008409321197853
0.247,1.0003591678060468
0.248,1.0008475012014983
0.249,0.9999487898586756
0.25,0.9997344428363212
0.251,0.9999626687310238
0.252,1.0000914702733663
0.253,0.9994317456313726
0.254,0.9991241111305791
0.255,1.0005511924970716
0.256,1.0006505163762347
0.257,1.0004021256806175
0.258,0.9990907016921404
0.259,0.9992547186922291
0.26,0.9990674034762874
0.261,0.9993219402980974
0.262,1.0009675642898497
0.263,0.9992818087975733
0.264,1.0005040672496317
0.265,0.9990775676577364
0.266,0.9994681204476669
0.267,1.0004252067991428
0.268,1.0005764761069218
0.269,0.9996058802492095
0.27,1.000781197982545
0.271,0.9999690123641972
0.272,0.9993171627855937
0.273,1.0003860448473743
0.274,1.0009452367179057
0.275,1.0006104093957469
0.276,0.9999034649598708
0.277,1.000399016248402
0.278,0.9993980529945581
0.279,1.0006888341462148
0.28,1.0001187452482585
0.281,1.0009375620778842
0.282,1.0001390684572737
0.283,0.9993850151302209
0.284,0.99938701996108
0.285,1.000936579622942
0.286,0.9994044908429477
0.287,1.0009465292845208
0.288,1.0001607562155126
0.289,0.9997488863970206
0.29,0.9993324827042706
0.291,0.9997680199148173
0.292,0.9990988797931101
0.293,1.000307626036227
0.294,1.0003176183348796
0.295,0.9996640875545761
0.296,0.9992713366470602
0.297,1.0004164483391982
0.298,1.0002662070172375
0.299,1.0009103738455896
0.3,1.0004211678713733
0.301,0.9998772481300726
0.302,0.9999903955897146
0.303,1.0009057983476524
0.304,0.9995486447014574
0.305,0.9996703149276267
0.306,0.9990444623605628
0.307,0.999470887370278
0.308,1.0004144803864476
0.309,1.0000082212841392
0.31,0.9995878546882471
0.311,0.9994137738097294
0.312,0.9998986113379257
0.313,1.0006527959641256
0.314,1.0001960001827097
0.315,1.00030499299755
0.316,0.9998833973214706
0.317,1.0006312323704987
0.318,1.0009412149483992
0.319,0.9998413747558835
0.32,0.9996415098411333
0.321,1.0007214382321072
0.322,0.999433976357064
0.323,0.9990392270098633
0.324,1.0007804613081877
0.325,1.000469125937726
0.326,1.0007235659871883
0.327,0.9993732435970063
0.328,1.0001471118954042
0.329,1.0004960056642094
0.33,1.0007036357676795
0.331,0.999740008802231
0.332,1.0000019696828248
0.333,1.0005437416377303
0.334,0.9993144067048777
0.335,0.9999592956712207
0.336,1.0007203324238927
0.337,0.9995639134133258
0.338,0.9990634434806077
0.339,0.9999538826023459
0.34,0.9999644699113893
0.341,1.0003373786860652
0.342,0.9990603814925535
0.343,0.9997858876021477
0.344,1.0005494297526478
0.345,0.9999923690732662
0.346,1.000253577160375
0.347,0.9999838146645055
0.348,1.000432291299813
0.349,1.0009089968599523
0.35,0.9998888756838529
0.351,1.0006737941597366
0.352,1.0001202044836974
0.353,0.9992897541879683
0.354,0.9993490804591632
0.355,1.0001349246699955
0.356,1.0001468987792486
0.357,0.9995350536299974
0.358,0.9991798981800175
0.359,1.0001604040882572
0.36,0.9992719371793728
0.361,1.0001102915026578
0.362,0.9994062944736417
0.363,0.9996924948976025
0.364,0.9991003594629225
0.365,1.000946496619963
0.366,0.9992003592797731
0.367,1.0004835449723462
0.368,1.0007836389636804
0.369,0.9997564964382334
0.37,1.0002406247734412
0.371,0.9999593134955064
0.372,0.9994899500833447
0.373,0.9993835476808922
0.374,0.9992460883920551
0.375,0.9993375133908352
0.376,0.9994918029887754
0.377,1.0000378617664063
0.378,1.0000938642929198
0.379,0.9991950100301189
0.38,1.0008070071569017
0.381,0.9991138054431019
0.382,0.9997089850039707
0.383,0.9994982752026474
0.384,0.9991735470056375
0.385,1.0004601914800277
0.386,1.0006305406668214
0.387,1.0004361231992458
0.388,1.0003193936950414
0.389,1.0001586744289166
0.39,1.000033451124456
0.391,1.0005633445482813
0.392,1.0009683460421532
0.393,0.9991576168392299
0.394,0.9996238837589211
0.395,0.9990922650175834
0.396,1.0003576442450715
0.397,1.000226517509863
0.398,0.9995433584310155
0.399,1.0006027011602519
0.4,0.9991964407602728
0.401,0.999489053760086
0.402,0.9990616306584731
0.403,0.9990385934291705
0.404,0.9995512197523588
0.405,0.999206687835649
0.406,0.9991685043913945
0.407,1.0002681362340062
0.408,1.000971234758266
0.409,1.0001829798807258
0.41,1.000777864370909
0.411,1.0000218970846864
0.412,1.0007376799718366
0.413,0.9993231268547811
0.414,1.000726352057571
0.415,0.9994719101796502
0.416,1.000034933230587
0.417,0.9992619189558886
0.418,1.000522820479006
0.419,1.0008742650548825
0.42,1.0003496671006735
0.421,1.0009839244877123
0.422,0.9999270033547168
0.423,1.0001395492217802
0.424,1.0001746394522224
0.425,1.0009764405567083
0.426,1.0004663118573764
0.427,1.0001774556912462
0.428,0.999565982387316
0.429,1.0002536923443197
0.43,1.0002445963581739
0.431,0.9999046296297627
0.432,1.000819891309292
0.433,1.0001510171586943
0.434,0.9993394528956706
0.435,0.999573598429293
0.436,0.9991917565956395
0.437,1.0009198828314152
0.438,0.99987616638867
0.439,1.0000437092296401
0.44,0.9994778831216135
0.441,0.9993423236786855
0.442,0.9991425793487049
0.443,1.0000614770761234
0.444,1.0001229343911782
0.445,1.000248286460198
0.446,1.000159234093113
0.447,1.0004157264181
0.448,1.0005539959941867
0.449,0.9993591076792243
0.45,0.9995713449767161
0.451,1.0002365009975909
0.452,1.0009581563866614
0.453,0.999330761585642
0.454,0.9994796442886941
0.455,1.000258098936537
0.456,1.0009197541980859
0.457,0.999125929588817
0.458,1.0008916274901203
0.459,1.0001358521912627
0.46,0.9995865647075688
0.461,0.9990612802253709
0.462,1.0005723723964717
0.463,0.9993016254538636
0.464,1.000046751490983
0.465,1.000510372649514
0.466,0.9993121693615351
0.467,1.0008011592406993
0.468,1.000731748607592
0.469,1.0001986064290642
0.47,1.0008266434675877
0.471,0.9996197471905757
0.472,0.9995247355716554
0.473,1.00022604239523
0.474,1.000557096379806
0.475,0.999167227906736
0.476,1.000639452857394
0.477,1.0005322889127812
0.478,0.9995770115084346
0.479,0.9991939566974433
0.48,0.9993659944971174
0.481,1.0005491370641473
0.482,1.0004061307199899
0.483,0.9995336007359318
0.484,1.0000383595811013
0.485,1.0002984759040716
0.486,1.000677438839313
0.487,1.000580192243219
0.488,1.0009552165392874
0.489,0.9997650567776434
0.49,1.0004369009560568
0.491,0.9994069286510098
0.492,0.9995332687254941
0.493,1.0004033098167588
0.494,1.0008987658603214
0.495,0.9997101824746978
0.496,1.0005966908547559
0.497,1.0004566591050774
0.498,1.0003799077718158
0.499,0.9996936787044887
0.5,1.0007095751753883
0.501,1.0003838244297554
0.502,0.9993724555158842
0.503,0.9998485225491224
0.504,0.9993684815202658
0.505,0.9994961765077587
0.506,1.000641755951746
0.507,1.0000196132189734
0.508,1.0005546264084721
0.509,1.000373025565817
0.51,0.9999524111499271
0.511,0.9990061671369734
0.512,0.9993291821186782
0.513,0.9990505725364641
0.514,0.9995103157662744
0.515,0.9995386455334649
0.516,1.0006927298713475
0.517,0.9991474790323089
0.518,0.9991033096054334
0.519,0.9991993651703553
0.52,0.999632919851195
0.521,0.999631149569815
0.522,0.9999311228018964
0.523,0.9993044916402812
0.524,0.9994582902638369
0.525,1.0005262256582916
0.526,1.0002188518544732
0.527,1.0007296787603885
0.528,0.9991901554466631
0.529,1.000587914126934
0.53,0.9996121221616244
0.531,1.0005777439978438
0.532,0.999841064326352
0.533,0.9998873124021166
0.534,1.0003314800807879
0.535,0.9994071964496604
0.536,1.0008429441058508
0.537,1.0001771069185912
0.538,0.999687146061431
0.539,0.9993128831326659
0.54,1.0000549291500402
0.541,1.0005509255482932
0.542,0.9998754354132897
0.543,0.9999492173452107
0.544,0.9992468083739344
0.545,0.999275901260423
0.546,0.9992556494356647
0.547,0.9997704330766571
0.548,1.000907454993538
0.549,1.000580506466165
0.55,0.9996325353537646
0.551,0.9990739775067987
0.552,1.0000751522739832
0.553,0.9990084504702824
0.554,0.9997032307608823
0.555,1.0000070222948638
0.556,0.9997015281752502
0.557,1.0006819027978056
0.558,1.0001582516959961
0.559,1.000404018158964
0.56,0.99973770115434
0.561,1.0003457814599022
0.562,0.999149686585036
0.563,1.000243809663216
0.564,1.0002026032111582
0.565,0.9996960707300274
0.566,1.0007372800731575
0.567,1.0003416727625323
0.568,1.0003974092643673
0.569,1.0007500234054847
0.57,0.9999110622021098
0.571,1.000705681933878
0.572,1.0003783696254307
0.573,0.999687872081133
0.574,1.0007664483701046
0.575,0.9997952136457602
0.576,1.0005484267794051
0.577,0.9994870522520831
0.578,0.9995039015879501
0.579,1.0008695179815204
0.58,0.9995890537381446
0.581,1.0005698185183767
0.582,1.000832994213164
0.583,1.0007531152418945
0.584,0.9995958022776127
0.585,0.9996341919143141
0.586,0.99977700562805
0.587,1.0008023677880888
0.588,0.9994999850748286
0.589,0.9995018216891308
0.59,0.9998908944632829
0.591,0.9995959004486928
0.592,0.9991383239810936
0.593,1.0005022431009796
0.594,1.00028200959302
0.595,0.999376429231468
0.596,0.9990893126264955
0.597,0.9999208065066151
0.598,1.0005786741609108
0.599,0.99907856335304
0.6,1.0001921505111675
0.601,1.0004386278321962
0.602,1.0007372491401707
0.603,0.999106137136497
0.604,1.000565110367755
0.605,1.0001658437492598
0.606,0.9990565809181671
0.607,1.0009323056955952
0.608,0.9992823568913299
0.609,0.9991391956909832
0.61,0.9998839476323415
0.611,0.9993390451564591
0.612,0.9997263332838885
0.613,1.000353253038534
0.614,0.9999487207522461
0.615,0.9990299171238141
0.616,0.9990870242750165
0.617,0.9992210010967851
0.618,0.999857950342881
0.619,1.000748657777272
0.62,0.9990077714961731
0.621,0.9995352294258697
0.622,1.000226100970654
0.623,1.0001757929228599
0.624,0.9995099479073881
0.625,1.0005896879553728
0.626,0.999447554122099
0.627,0.9994680338505131
0.628,0.9991440139281025
0.629,0.9996339367690473
0.63,0.9990108286020739
0.631,0.9999037107569071
0.632,1.00010067734283
0.633,1.0009164457436202
0.634,0.9994636625662016
0.635,1.0006125870612805
0.636,0.9998289660558272
0.637,0.9993848667700682
0.638,0.9991410952453903
0.639,1.0001351273858727
0.64,1.0008043617528843
0.641,1.0006744174108413
0.642,1.0002554934683956
0.643,0.9993275598109161
0.644,0.9992465806073965
0.645,0.9998811711044278
0.646,1.0005723096271577
0.647,1.000397302639631
0.648,1.0000847097659407
0.649,0.9991369173822027
0.65,1.0008045166315385
0.651,1.000907635967399
0.652,0.9990601709349501
0.653,0.9994017349044861
0.654,1.0006334813560325
0.655,1.0004329158057734
0.656,1.0004104894584858
0.657,0.9994109082734746
0.658,1.0004160187038142
0.659,0.999581248879746
0.66,1.0009076041681237
0.661,0.9995295071240907
0.662,0.9994399668662979
0.663,0.9991066975322667
0.664,0.9996040336928053
0.665,0.9996926459792405
0.666,1.0004932972702156
0.667,0.9998934083571046
0.668,0.9990566783732286
0.669,0.9997606058731082
0.67,0.999433144749264
0.671,0.9993264186026048
0.672,1.000506595448184
0.673,0.9992688546870417
0.674,0.9995423338964107
0.675,0.9993148319479365
0.676,1.000000232550191
0.677,1.000655345322986
0.678,0.999865613001981
0.679,0.9999420464339193
0.68,1.0009604673077779
0.681,0.999753592467186
0.682,1.000875037154882
0.683,0.9990671507336671
0.684,0.9996795243830722
0.685,1.0002313683761797
0.686,0.9999822150271609
0.687,0.9991907103774468
0.688,0.9995846794336237
0.689,1.0003814565245637
0.69,1.0001919114696687
0.691,0.9997068351989784
0.692,0.9996613957844381
0.693,1.0009513858625991
0.694,1.000227172757798
0.695,1.0006920118484923
0.696,0.9997614018588579
0.697,1.0007982164569773
0.698,1.000648066019712
0.699,1.0001800605743694
0.7,1.0003598512638552
0.701,1.0007014010733266
0.702,1.0004183537000306
0.703,0.9993571294910177
0.704,0.9990130678184563
0.705,1.0004628859939486
0.706,0.9998059232533271
0.707,0.9998464207537904
0.708,1.000577621330539
0.709,1.0001922788291113
0.71,0.9992216441347349
0.711,0.9992969801609878
0.712,1.000515906091892
0.713,1.0001444082721564
0.714,1.0002378739395459
0.715,1.0006571323624802
0.716,1.0005179457617273
0.717,1.000783599391529
0.718,1.0006209296523652
0.719,1.0001673801679405
0.72,1.0001160164503913
0.721,0.9996111629781537
0.722,0.9995407834850284
0.723,0.9999860616977037
0.724,1.0007312787324312
0.725,0.9993719960064285
0.726,0.9998616510210888
0.727,0.9999419426382764
0.728,1.0004378330564645
0.729,1.0008239895037858
0.73,0.9996582300034987
0.731,0.9999538760425384
0.732,0.9997338325756339
0.733,0.9998046415307991
0.734,0.9995226019598007
0.735,1.0006488537267664
0.736,0.9996230803363423
0.737,0.9995767831335685
0.738,1.000915904757648
0.739,0.9990767991769679
0.74,1.000778727793636
0.741,1.0000791772711952
0.742,0.9998336297375827
0.743,0.9996412537546826
0.744,1.00055440722359
0.745,1.000080946684653
0.746,0.9992758138110116
0.747,0.9991525944541042
0.748,1.0005213966419886
0.749,1.0003565819216491
0.75,0.9998285383759493
0.751,0.9995000350171068
0.752,0.9990840931530602
0.753,0.9990586337350216
0.754,1.0006833386713725
0.755,1.000233913511525
0.756,0.9999838350651086
0.757,1.0007971262713136
0.758,1.0007360416083106
0.759,0.9994389586718669
0.76,0.9998422891515726
0.761,1.000302771521177
0.762,0.9996419728617707
0.763,1.0002281538450617
0.764,1.0008550580269477
0.765,1.0000415706224888
0.766,0.9995161115584521
0.767,1.0000768872185286
0.768,0.999169906990404
0.769,1.0006851815347217
0.77,0.999869239623698
0.771,1.0007697091638172
0.772,0.9996667822131183
0.773,0.9999337724162588
0.774,1.000645246697321
0.775,0.9992257518420478
0.776,0.9991610117384949
0.777,1.0005316222155711
0.778,0.9995464020755391
0.779,0.9990510643510068
0.78,1.000450566952603
0.781,0.9998984909844582
0.782,0.9999966044454627
0.783,0.9998768977138385
0.784,0.9990680410056715
0.785,1.0005428829606613
0.786,0.9993548780871641
0.787,0.9991882824847963
0.788,0.9998264900672692
0.789,0.9996753260742303
0.79,0.9996653297862977
0.791,1.000115360072941
0.792,1.0006917200090946
0.793,1.0006071090555717
0.794,1.0000665895216982
0.795,0.9990335822440314
0.796,0.9996416423683055
0.797,1.0006316415138976
0.798,0.9992658835637669
0.799,0.9990260056544098
0.8,0.9994735179283175
0.801,0.999465899809926
0.802,1.0000417417939282
0.803,1.0001779009767728
0.804,0.999832710733565
0.805,1.000511587334966
0.806,1.0004560133560072
0.807,1.0005358446664527
0.808,1.0007237984255268
0.809,0.9999805595719093
0.81,1.0005706651928286
0.811,1.0008110971396973
0.812,1.0003864525844246
0.813,0.9991630675731038
0.814,0.999654030825276
0.815,1.00054003895656
0.816,1.000984400305805
0.817,1.0003867747350481
0.818,1.0006882226077891
0.819,0.9991776014080186
0.82,0.9998742524010871
0.821,0.9998731862578457
0.822,0.9993065335634185
0.823,1.0006037568886952
0.824,0.999051339150457
0.825,0.9991097308564121
0.826,0.9999056377982367
0.827,0.9992163039710532
0.828,0.999485764240429
0.829,0.9994463134091587
0.83,1.000069141108798
0.831,1.000144329596047
0.832,1.0007079086396689
0.833,0.9998581499152591
0.834,1.0001952252854123
0.835,0.9995992841785935
0.836,0.9998077245047202
0.837,0.9991436713022582
0.838,0.9995808407378894
0.839,1.0008960196787122
0.84,0.9998033369953331
0.841,1.0001849922553205
0.842,1.000618918290555
0.843,1.0005674479677924
0.844,0.9994400925799258
0.845,0.9996177609945168
0.846,1.0002011733436167
0.847,1.0002555233352581
0.848,0.9990730667216579
0.849,1.0008986221184166
0.85,0.9994727351047542
0.851,0.99910213352373
0.852,0.9998128398791911
0.853,1.0003110958578338
0.854,1.000669199359366
0.855,0.9998212743056492
0.856,1.000271668336793
0.857,0.9990553228154028
0.858,1.000546269268284
0.859,1.0007765845870342
0.86,1.0001797671109671
0.861,0.9998358068424839
0.862,0.9999671887570777
0.863,0.9994243671889007
0.864,1.0000219745353718
0.865,0.9990775242368682
0.866,1.0003343652793546
0.867,0.9999978115415349
0.868,0.9990707560108738
0.869,0.9998696393577681
0.87,1.0005936378873677
0.871,0.9990315040990209
0.872,1.0008401456707603
0.873,1.0006509856224013
0.874,0.9992459194235479
0.875,0.9993966123714257
0.876,1.000239347716885
0.877,0.9996016611258389
0.878,1.000170218680374
0.879,0.999284100002385
0.88,0.9995104967663183
0.881,0.9994912491845735
0.882,1.0006850853376688
0.883,0.9992263154205412
0.884,1.0006601660900782
0.885,1.0005399889793418
0.886,1.0000631379789229
0.887,1.000232127606054
0.888,1.0004985627437475
0.889,0.9998320566517936
0.89,1.0002088216220175
0.891,1.0001093358913495
0.892,0.9993517327732299
0.893,0.9998579460357869
0.894,0.9992607805124333
0.895,1.0006687761075068
0.896,0.9993002851873984
0.897,1.0007320643606443
0.898,0.9993094398273716
0.899,0.9997446602994153
0.9,1.0009789828228344
0.901,1.0006782865357269
0.902,0.9996019371258206
0.903,1.0008525113403102
0.904,0.9992122023031019
0.905,1.0000815399293654
0.906,1.0000674455376013
0.907,1.000514187155893
0.908,1.0002202664987807
0.909,0.9994525847345375
0.91,1.0005968285619582
0.911,1.0006481678834747
0.912,0.9997222117843072
0.913,1.000409680924618
0.914,0.9992166209842962
0.915,0.9996150156096905
0.916,0.9998257139836555
0.917,0.9999150119469972
0.918,0.9991253402730432
0.919,1.0005909329922018
0.92,0.9993880056123737
0.921,0.9992956183163001
0.922,1.0001386590611967
0.923,0.9990856833840915
0.924,0.9998685189204571
0.925,0.9996447736534579
0.926,0.9996088577498652
0.927,0.999782212292765
0.928,1.000014288218908
0.929,0.9991760273205406
0.93,1.0000172805797178
0.931,0.999556245416841
0.932,0.9993847703332612
0.933,1.0005168728911067
0.934,1.0002442816199077
0.935,1.0001762263609375
0.936,0.9994102178764872
0.937,1.000754931637865
0.938,1.000460094210666
0.939,0.9997897285812204
0.94,0.9993254579408972
0.941,0.9999207594607771
0.942,1.0004589523836693
0.943,1.0007862206851545
0.944,0.9997419144567415
0.945,0.9991973453448282
0.946,1.000510234957788
0.947,1.0005350943157072
0.948,1.0001860871191184
0.949,0.999885331674866
0.95,1.0001383629659293
0.951,1.0002960411037414
0.952,0.9999396367527766
0.953,0.9999159162429533
0.954,1.0004326962291363
0.955,1.0006783005612472
0.956,0.999843308419624
0.957,1.0008607137769285
0.958,1.0002129202401515
0.959,0.9993515782787105
0.96,1.000978578904971
0.961,0.9990661357806357
0.962,1.0007016258007646
0.963,0.9990228804836243
0.964,0.9993974188052663
0.965,1.0002192209251677
0.966,1.000099975646722
0.967,1.00072622550083
0.968,0.999147847360913
0.969,0.9991987220304489
0.97,0.9998967030095411
0.971,1.0000285352551903
0.972,0.999315775314283
0.973,1.0003411802576125
0.974,1.000474134634094
0.975,0.9992092283369972
0.976,0.9997736398638435
0.977,1.0007823717828868
0.978,0.9994043487877725
0.979,1.0006244993041844
0.98,0.9998926138843967
0.981,1.0008903354764453
0.982,0.9991407652883714
0.983,0.9996159556711484
0.984,0.9994938056928255
0.985,1.0001753935135158
0.986,1.0008597658679568
0.987,1.000317333332285
0.988,1.000725053315184
0.989,1.000582559542142
0.99,1.0007539004439456
0.991,1.0006018406139374
0.992,0.99907314290423
0.993,1.0001952943473253
0.994,1.0005360137034722
0.995,0.9991350145466839
0.996,1.0000708798280755
0.997,0.9999661880036111
0.998,1.000127753131169
0.999,0.9997666964879667
